INSERT INTO undd (undd__id, unddcdgo, unddcnvr, undddscr, unddpdre) VALUES (1, 'GL', 1, 'Galón', NULL);
INSERT INTO undd (undd__id, unddcdgo, unddcnvr, undddscr, unddpdre) VALUES (2, 'U', 1, 'Unidad', NULL);

INSERT INTO colr (colr__id, colr_hex, colrnmr) VALUES (1, '#cf0e0e', 'Rojo');
INSERT INTO colr (colr__id, colr_hex, colrnmr) VALUES (2, '#000000', 'Negro');
INSERT INTO colr (colr__id, colr_hex, colrnmr) VALUES (3, '#f2e917', 'Amarillo');
INSERT INTO colr (colr__id, colr_hex, colrnmr) VALUES (4, '#3c9e0e', 'Verde');
INSERT INTO colr (colr__id, colr_hex, colrnmr) VALUES (5, '#3262de', 'Azul');
INSERT INTO colr (colr__id, colr_hex, colrnmr) VALUES (6, '#b8b8b8', 'Gris');
INSERT INTO colr (colr__id, colr_hex, colrnmr) VALUES (7, '#707070', 'Plomo');

INSERT INTO crgo (crgo__id, crgocdgo, crgodscr) VALUES (2, 'ADM', 'Administrador');
INSERT INTO crgo (crgo__id, crgocdgo, crgodscr) VALUES (1, 'JFE', 'Jefe');
INSERT INTO crgo (crgo__id, crgocdgo, crgodscr) VALUES (3, 'ASC', 'Asistente de compras');
INSERT INTO crgo (crgo__id, crgocdgo, crgodscr) VALUES (4, 'RSM', 'Responsable de mantenimiento');

INSERT INTO essl (essl__id, esslcdgo, essldscr, esslnmbr) VALUES (1, 'E01', 'Fue solicitada y está a la espera de que un jefe la apruebe', 'Pendiente de aprobación');
INSERT INTO essl (essl__id, esslcdgo, essldscr, esslnmbr) VALUES (2, 'E02', 'Fue aprobada por un jefe y está a la espera de que un jefe de compras asigne a un asistente de compras para las cotizaciones', 'Pendiente de asignación');
INSERT INTO essl (essl__id, esslcdgo, essldscr, esslnmbr) VALUES (3, 'E03', 'Un asistente de compras fue asignado y está a la espera del registro de las cotizaciones', 'Pendientes cotizaciones');
INSERT INTO essl (essl__id, esslcdgo, essldscr, esslnmbr) VALUES (4, 'E04', 'Las cotizaciones fueron registradas y está a la espera de la aprobación final', 'Pendiente de aprobación final');
INSERT INTO essl (essl__id, esslcdgo, essldscr, esslnmbr) VALUES (5, 'N01', 'La solicitud fue negada', 'Negada');
INSERT INTO essl (essl__id, esslcdgo, essldscr, esslnmbr) VALUES (6, 'A01', 'La solicitud fue aprobada y se procederá a su adquisición', 'Aprobada');
INSERT INTO essl (essl__id, esslcdgo, essldscr, esslnmbr) VALUES (7, 'B01', 'El item solicitado existe en bodega y se procederá al envío', 'En bodega');
INSERT INTO essl (essl__id, esslcdgo, essldscr, esslnmbr) VALUES (8, 'C01', 'El item solicitado fue ingresado en una bodega', 'Completada');

INSERT INTO mtsl (mtsl__id, mtsldscr, mtslnmbr) VALUES (1, NULL, 'Mantenimiento');
INSERT INTO mtsl (mtsl__id, mtsldscr, mtslnmbr) VALUES (2, NULL, 'Reparación');
INSERT INTO mtsl (mtsl__id, mtsldscr, mtslnmbr) VALUES (3, NULL, 'Stock');

INSERT INTO tpsl (tpsl__id, tpslcdgo, tpsldscr, tpslnmbr) VALUES (1, 'NTPD', 'Notas de pedido de compra de repuestos', 'Nota de pedido');
INSERT INTO tpsl (tpsl__id, tpslcdgo, tpsldscr, tpslnmbr) VALUES (2, 'SMNE', 'Solicitud de mantenimiento de vehículos y maquinaria externo', 'Mantenimiento externo');
INSERT INTO tpsl (tpsl__id, tpslcdgo, tpsldscr, tpslnmbr) VALUES (3, 'SMNI', 'Solicitud de mantenimiento interno', 'Mantenimiento interno');

INSERT INTO tpus (tpus__id, tpusactv, tpuscdgo, tpusdscr, tpusnmbr, tpuspdre) VALUES (1, 1, 'ADMN', 'Administradores del sistema', 'Administradores', NULL);
INSERT INTO tpus (tpus__id, tpusactv, tpuscdgo, tpusdscr, tpusnmbr, tpuspdre) VALUES (2, 1, 'GRNT', 'Personas que pueden aprobar compras mayores a $100', 'Gerentes', NULL);
INSERT INTO tpus (tpus__id, tpusactv, tpuscdgo, tpusdscr, tpusnmbr, tpuspdre) VALUES (3, 1, 'JEFE', 'Usuarios que pueden aprobar las notas de pedido de menos de $100', 'Jefes', NULL);
INSERT INTO tpus (tpus__id, tpusactv, tpuscdgo, tpusdscr, tpusnmbr, tpuspdre) VALUES (4, 1, 'RSBD', 'Personas que pueden ser asignadas como responsable principal o suplente de bodega', 'Responsables de bodega', NULL);
INSERT INTO tpus (tpus__id, tpusactv, tpuscdgo, tpusdscr, tpusnmbr, tpuspdre) VALUES (5, 1, 'JFCM', 'Usuarios que asignan Asistentes de compras', 'Jefes de compras', NULL);
INSERT INTO tpus (tpus__id, tpusactv, tpuscdgo, tpusdscr, tpusnmbr, tpuspdre) VALUES (6, 1, 'ASCM', 'Usuarios que cargan cotizaciones', 'Asistentes de compras', NULL);
INSERT INTO tpus (tpus__id, tpusactv, tpuscdgo, tpusdscr, tpusnmbr, tpuspdre) VALUES (7, 1, 'USRO', 'Usuarios normales', 'Usuarios', NULL);

INSERT INTO prfl (prfl__id, prflcdgo, prfldscr, prflnmbr, prflobsr, prflpdre) VALUES (1, 'ADM', 'Perfil de administración', 'Administrador', NULL, NULL);
INSERT INTO prfl (prfl__id, prflcdgo, prfldscr, prflnmbr, prflobsr, prflpdre) VALUES (3, 'JFCM', 'Perfil para jefe de compras', 'Jefe de compras', 'Copiados permisos de jefe antes de modificar', NULL);
INSERT INTO prfl (prfl__id, prflcdgo, prfldscr, prflnmbr, prflobsr, prflpdre) VALUES (2, 'JEFE', 'Perfil para los jefes', 'Jefe', 'Copiados permisos de admin antes de modificar', NULL);
INSERT INTO prfl (prfl__id, prflcdgo, prfldscr, prflnmbr, prflobsr, prflpdre) VALUES (4, 'ASCM', 'Perfil del asistente de compras', 'Asistente de compras', 'Copiados permisos de jefe de compras', NULL);
INSERT INTO prfl (prfl__id, prflcdgo, prfldscr, prflnmbr, prflobsr, prflpdre) VALUES (5, 'GRNT', 'Perilf de gerentes', 'Gerente', 'Copiados permisos de jefe de compras', NULL);
INSERT INTO prfl (prfl__id, prflcdgo, prfldscr, prflnmbr, prflobsr, prflpdre) VALUES (6, 'RSBD', 'Perfil para los responsables de bodega', 'Responsable de bodega', 'Copiados permisos de jefe de compras', NULL);
INSERT INTO prfl (prfl__id, prflcdgo, prfldscr, prflnmbr, prflobsr, prflpdre) VALUES (7, 'USRO', 'Usuario normal', 'Usuario', 'Copiados permisos de responsable de bodega', NULL);

INSERT INTO tpac (tpac__id, tpaccdgo, tpacdscr) VALUES (1, 'M', 'Menú');
INSERT INTO tpac (tpac__id, tpaccdgo, tpacdscr) VALUES (2, 'P', 'Proceso');

INSERT INTO mdlo (mdlo__id, mdlodscr, mdloicno, mdlonmbr, mdloordn) VALUES (1, 'Módulo por defecto', '', 'noAsignado', 9999);
INSERT INTO mdlo (mdlo__id, mdlodscr, mdloicno, mdlonmbr, mdloordn) VALUES (2, 'Inicio', 'fa fa-dashboard', 'Inicio', 1);
INSERT INTO mdlo (mdlo__id, mdlodscr, mdloicno, mdlonmbr, mdloordn) VALUES (3, 'Administración', 'fa fa-cogs', 'Administración', 2);
INSERT INTO mdlo (mdlo__id, mdlodscr, mdloicno, mdlonmbr, mdloordn) VALUES (4, 'Inventario', 'fa fa-archive', 'Inventario', 3);
INSERT INTO mdlo (mdlo__id, mdlodscr, mdloicno, mdlonmbr, mdloordn) VALUES (5, 'Pedidos', 'fa fa-folder-open', 'Pedidos', 4);
INSERT INTO mdlo (mdlo__id, mdlodscr, mdloicno, mdlonmbr, mdloordn) VALUES (6, 'Maquinaria', 'flaticon-construction11', 'Maquinaria', 4);
INSERT INTO mdlo (mdlo__id, mdlodscr, mdloicno, mdlonmbr, mdloordn) VALUES (7, 'Proyectos', 'flaticon-hammer42', 'Proyectos', 5);

INSERT INTO prsn (prsn__id, prsnactv, prsnapll, prsnatrz, prsncdla, prsndire, prsnfcna, prsnfoto, prsnlogn, prsnmail, prsnnmbr, prsnobsr, prsnpass, prsnsexo, prsntelf, tpus__id) VALUES (1, 1, 'Admin', '250cf8b51c773f3f8dc8b4be867a9a02', '1234567890', NULL, '1987-01-23 00:00:00', NULL, 'admin', 'luzma_87@yahoo.com', 'Admin', NULL, '202cb962ac59075b964b07152d234b70', 'F', NULL, 1);

INSERT INTO sesn (sesn__id, prfl__id, prsn__id) VALUES (1, 1, 1);

INSERT INTO ctrl (ctrl__id, ctrlnmbr) VALUES (1, 'Acciones');
INSERT INTO ctrl (ctrl__id, ctrlnmbr) VALUES (2, 'Alerta');
INSERT INTO ctrl (ctrl__id, ctrlnmbr) VALUES (3, 'Bodega');
INSERT INTO ctrl (ctrl__id, ctrlnmbr) VALUES (4, 'Inventario');
INSERT INTO ctrl (ctrl__id, ctrlnmbr) VALUES (5, 'Item');
INSERT INTO ctrl (ctrl__id, ctrlnmbr) VALUES (6, 'Maquinaria');
INSERT INTO ctrl (ctrl__id, ctrlnmbr) VALUES (7, 'Cargo');
INSERT INTO ctrl (ctrl__id, ctrlnmbr) VALUES (8, 'Color');
INSERT INTO ctrl (ctrl__id, ctrlnmbr) VALUES (9, 'EstadoSolicitud');
INSERT INTO ctrl (ctrl__id, ctrlnmbr) VALUES (10, 'TipoItem');
INSERT INTO ctrl (ctrl__id, ctrlnmbr) VALUES (11, 'TipoMaquinaria');
INSERT INTO ctrl (ctrl__id, ctrlnmbr) VALUES (12, 'TipoSolicitud');
INSERT INTO ctrl (ctrl__id, ctrlnmbr) VALUES (13, 'TipoUsuario');
INSERT INTO ctrl (ctrl__id, ctrlnmbr) VALUES (14, 'Unidad');
INSERT INTO ctrl (ctrl__id, ctrlnmbr) VALUES (15, 'Funcion');
INSERT INTO ctrl (ctrl__id, ctrlnmbr) VALUES (16, 'Proyecto');
INSERT INTO ctrl (ctrl__id, ctrlnmbr) VALUES (17, 'ReportesInventario');
INSERT INTO ctrl (ctrl__id, ctrlnmbr) VALUES (18, 'Icono');
INSERT INTO ctrl (ctrl__id, ctrlnmbr) VALUES (19, 'Inicio');
INSERT INTO ctrl (ctrl__id, ctrlnmbr) VALUES (20, 'Modulo');
INSERT INTO ctrl (ctrl__id, ctrlnmbr) VALUES (21, 'Perfil');
INSERT INTO ctrl (ctrl__id, ctrlnmbr) VALUES (22, 'Persona');
INSERT INTO ctrl (ctrl__id, ctrlnmbr) VALUES (23, 'Firma');
INSERT INTO ctrl (ctrl__id, ctrlnmbr) VALUES (24, 'NotaDePedido');
INSERT INTO ctrl (ctrl__id, ctrlnmbr) VALUES (25, 'MotivoSolicitud');

INSERT INTO accn (accn__id, ctrl__id, accndscr, accnaudt, accnicno, mdlo__id, accnnmbr, accnordn, tpac__id) VALUES (33, 5, 'Inventario', 1, 'flaticon-two195', 4, 'arbol', 3, 1);
INSERT INTO accn (accn__id, ctrl__id, accndscr, accnaudt, accnicno, mdlo__id, accnnmbr, accnordn, tpac__id) VALUES (36, 5, 'list', 1, '', 4, 'list', 36, 2);
INSERT INTO accn (accn__id, ctrl__id, accndscr, accnaudt, accnicno, mdlo__id, accnnmbr, accnordn, tpac__id) VALUES (5, 2, 'index', 1, '', 3, 'index', 5, 2);
INSERT INTO accn (accn__id, ctrl__id, accndscr, accnaudt, accnicno, mdlo__id, accnnmbr, accnordn, tpac__id) VALUES (7, 3, 'save_ajax', 1, '', 1, 'save_ajax', 7, 2);
INSERT INTO accn (accn__id, ctrl__id, accndscr, accnaudt, accnicno, mdlo__id, accnnmbr, accnordn, tpac__id) VALUES (6, 3, 'index', 1, '', 4, 'index', 6, 2);
INSERT INTO accn (accn__id, ctrl__id, accndscr, accnaudt, accnicno, mdlo__id, accnnmbr, accnordn, tpac__id) VALUES (9, 3, 'show_ajax', 1, '', 1, 'show_ajax', 9, 2);
INSERT INTO accn (accn__id, ctrl__id, accndscr, accnaudt, accnicno, mdlo__id, accnnmbr, accnordn, tpac__id) VALUES (10, 3, 'verDetalles_ajax', 1, '', 1, 'verDetalles_ajax', 10, 2);
INSERT INTO accn (accn__id, ctrl__id, accndscr, accnaudt, accnicno, mdlo__id, accnnmbr, accnordn, tpac__id) VALUES (11, 3, 'delete_ajax', 1, '', 1, 'delete_ajax', 11, 2);
INSERT INTO accn (accn__id, ctrl__id, accndscr, accnaudt, accnicno, mdlo__id, accnnmbr, accnordn, tpac__id) VALUES (12, 3, 'agregarObservaciones_ajax', 1, '', 1, 'agregarObservaciones_ajax', 12, 2);
INSERT INTO accn (accn__id, ctrl__id, accndscr, accnaudt, accnicno, mdlo__id, accnnmbr, accnordn, tpac__id) VALUES (13, 3, 'desactivar_ajax', 1, '', 1, 'desactivar_ajax', 13, 2);
INSERT INTO accn (accn__id, ctrl__id, accndscr, accnaudt, accnicno, mdlo__id, accnnmbr, accnordn, tpac__id) VALUES (58, 8, 'index', 1, '', 3, 'index', 58, 2);
INSERT INTO accn (accn__id, ctrl__id, accndscr, accnaudt, accnicno, mdlo__id, accnnmbr, accnordn, tpac__id) VALUES (15, 3, 'desactivarUI_ajax', 1, '', 1, 'desactivarUI_ajax', 15, 2);
INSERT INTO accn (accn__id, ctrl__id, accndscr, accnaudt, accnicno, mdlo__id, accnnmbr, accnordn, tpac__id) VALUES (16, 3, 'guardarObservaciones_ajax', 1, '', 1, 'guardarObservaciones_ajax', 16, 2);
INSERT INTO accn (accn__id, ctrl__id, accndscr, accnaudt, accnicno, mdlo__id, accnnmbr, accnordn, tpac__id) VALUES (17, 3, 'form_ajax', 1, '', 1, 'form_ajax', 17, 2);
INSERT INTO accn (accn__id, ctrl__id, accndscr, accnaudt, accnicno, mdlo__id, accnnmbr, accnordn, tpac__id) VALUES (64, 9, 'index', 1, '', 3, 'index', 64, 2);
INSERT INTO accn (accn__id, ctrl__id, accndscr, accnaudt, accnicno, mdlo__id, accnnmbr, accnordn, tpac__id) VALUES (19, 4, 'dlgEgreso_ajax', 1, '', 1, 'dlgEgreso_ajax', 19, 2);
INSERT INTO accn (accn__id, ctrl__id, accndscr, accnaudt, accnicno, mdlo__id, accnnmbr, accnordn, tpac__id) VALUES (24, 4, 'transferencia', 1, '', 4, 'transferencia', 24, 2);
INSERT INTO accn (accn__id, ctrl__id, accndscr, accnaudt, accnicno, mdlo__id, accnnmbr, accnordn, tpac__id) VALUES (21, 4, 'unidadesItem_ajax', 1, '', 1, 'unidadesItem_ajax', 21, 2);
INSERT INTO accn (accn__id, ctrl__id, accndscr, accnaudt, accnicno, mdlo__id, accnnmbr, accnordn, tpac__id) VALUES (22, 4, 'dlgEgresoDeBodega_ajax', 1, '', 1, 'dlgEgresoDeBodega_ajax', 22, 2);
INSERT INTO accn (accn__id, ctrl__id, accndscr, accnaudt, accnicno, mdlo__id, accnnmbr, accnordn, tpac__id) VALUES (65, 9, 'list', 1, '', 3, 'list', 65, 2);
INSERT INTO accn (accn__id, ctrl__id, accndscr, accnaudt, accnicno, mdlo__id, accnnmbr, accnordn, tpac__id) VALUES (23, 4, 'saveIngreso', 1, '', 4, 'saveIngreso', 23, 2);
INSERT INTO accn (accn__id, ctrl__id, accndscr, accnaudt, accnicno, mdlo__id, accnnmbr, accnordn, tpac__id) VALUES (27, 4, 'inventarioResumen_ajax', 1, '', 1, 'inventarioResumen_ajax', 27, 2);
INSERT INTO accn (accn__id, ctrl__id, accndscr, accnaudt, accnicno, mdlo__id, accnnmbr, accnordn, tpac__id) VALUES (28, 4, 'egreso_ajax', 1, '', 1, 'egreso_ajax', 28, 2);
INSERT INTO accn (accn__id, ctrl__id, accndscr, accnaudt, accnicno, mdlo__id, accnnmbr, accnordn, tpac__id) VALUES (29, 4, 'ingresoNotaPedido_ajax', 1, '', 1, 'ingresoNotaPedido_ajax', 29, 2);
INSERT INTO accn (accn__id, ctrl__id, accndscr, accnaudt, accnicno, mdlo__id, accnnmbr, accnordn, tpac__id) VALUES (74, 10, 'list', 1, '', 3, 'list', 74, 2);
INSERT INTO accn (accn__id, ctrl__id, accndscr, accnaudt, accnicno, mdlo__id, accnnmbr, accnordn, tpac__id) VALUES (31, 5, 'form_ajax', 1, '', 1, 'form_ajax', 31, 2);
INSERT INTO accn (accn__id, ctrl__id, accndscr, accnaudt, accnicno, mdlo__id, accnnmbr, accnordn, tpac__id) VALUES (32, 5, 'show_ajax', 1, '', 1, 'show_ajax', 32, 2);
INSERT INTO accn (accn__id, ctrl__id, accndscr, accnaudt, accnicno, mdlo__id, accnnmbr, accnordn, tpac__id) VALUES (1, 1, 'Configuración del menú', 1, 'fa fa-server', 3, 'acciones', 3, 1);
INSERT INTO accn (accn__id, ctrl__id, accndscr, accnaudt, accnicno, mdlo__id, accnnmbr, accnordn, tpac__id) VALUES (14, 3, 'Lista de Bodegas', 1, 'fa fa-archive', 4, 'list', 1, 1);
INSERT INTO accn (accn__id, ctrl__id, accndscr, accnaudt, accnicno, mdlo__id, accnnmbr, accnordn, tpac__id) VALUES (35, 5, 'arbolSearch_ajax', 1, '', 1, 'arbolSearch_ajax', 35, 2);
INSERT INTO accn (accn__id, ctrl__id, accndscr, accnaudt, accnicno, mdlo__id, accnnmbr, accnordn, tpac__id) VALUES (42, 6, 'index', 1, '', 6, 'index', 42, 2);
INSERT INTO accn (accn__id, ctrl__id, accndscr, accnaudt, accnicno, mdlo__id, accnnmbr, accnordn, tpac__id) VALUES (37, 5, 'delete_ajax', 1, '', 1, 'delete_ajax', 37, 2);
INSERT INTO accn (accn__id, ctrl__id, accndscr, accnaudt, accnicno, mdlo__id, accnnmbr, accnordn, tpac__id) VALUES (38, 5, 'save_ajax', 1, '', 1, 'save_ajax', 38, 2);
INSERT INTO accn (accn__id, ctrl__id, accndscr, accnaudt, accnicno, mdlo__id, accnnmbr, accnordn, tpac__id) VALUES (39, 6, 'form_ajax', 1, '', 1, 'form_ajax', 39, 2);
INSERT INTO accn (accn__id, ctrl__id, accndscr, accnaudt, accnicno, mdlo__id, accnnmbr, accnordn, tpac__id) VALUES (30, 5, 'Items', 1, 'flaticon-two195', 4, 'arbolAdmin', 4, 1);
INSERT INTO accn (accn__id, ctrl__id, accndscr, accnaudt, accnicno, mdlo__id, accnnmbr, accnordn, tpac__id) VALUES (41, 6, 'show_ajax', 1, '', 1, 'show_ajax', 41, 2);
INSERT INTO accn (accn__id, ctrl__id, accndscr, accnaudt, accnicno, mdlo__id, accnnmbr, accnordn, tpac__id) VALUES (40, 6, 'list', 1, '', 6, 'list', 40, 2);
INSERT INTO accn (accn__id, ctrl__id, accndscr, accnaudt, accnicno, mdlo__id, accnnmbr, accnordn, tpac__id) VALUES (43, 6, 'Maquinaria', 1, 'flaticon-construction11', 6, 'arbol', 43, 1);
INSERT INTO accn (accn__id, ctrl__id, accndscr, accnaudt, accnicno, mdlo__id, accnnmbr, accnordn, tpac__id) VALUES (44, 6, 'save_ajax', 1, '', 1, 'save_ajax', 44, 2);
INSERT INTO accn (accn__id, ctrl__id, accndscr, accnaudt, accnicno, mdlo__id, accnnmbr, accnordn, tpac__id) VALUES (45, 6, 'delete_ajax', 1, '', 1, 'delete_ajax', 45, 2);
INSERT INTO accn (accn__id, ctrl__id, accndscr, accnaudt, accnicno, mdlo__id, accnnmbr, accnordn, tpac__id) VALUES (46, 6, 'list_ajax', 1, '', 1, 'list_ajax', 46, 2);
INSERT INTO accn (accn__id, ctrl__id, accndscr, accnaudt, accnicno, mdlo__id, accnnmbr, accnordn, tpac__id) VALUES (47, 6, 'arbolSearch_ajax', 1, '', 1, 'arbolSearch_ajax', 47, 2);
INSERT INTO accn (accn__id, ctrl__id, accndscr, accnaudt, accnicno, mdlo__id, accnnmbr, accnordn, tpac__id) VALUES (53, 7, 'index', 1, '', 3, 'index', 53, 2);
INSERT INTO accn (accn__id, ctrl__id, accndscr, accnaudt, accnicno, mdlo__id, accnnmbr, accnordn, tpac__id) VALUES (49, 7, 'save_ajax', 1, '', 1, 'save_ajax', 49, 2);
INSERT INTO accn (accn__id, ctrl__id, accndscr, accnaudt, accnicno, mdlo__id, accnnmbr, accnordn, tpac__id) VALUES (50, 7, 'form_ajax', 1, '', 1, 'form_ajax', 50, 2);
INSERT INTO accn (accn__id, ctrl__id, accndscr, accnaudt, accnicno, mdlo__id, accnnmbr, accnordn, tpac__id) VALUES (51, 7, 'delete_ajax', 1, '', 1, 'delete_ajax', 51, 2);
INSERT INTO accn (accn__id, ctrl__id, accndscr, accnaudt, accnicno, mdlo__id, accnnmbr, accnordn, tpac__id) VALUES (52, 7, 'show_ajax', 1, '', 1, 'show_ajax', 52, 2);
INSERT INTO accn (accn__id, ctrl__id, accndscr, accnaudt, accnicno, mdlo__id, accnnmbr, accnordn, tpac__id) VALUES (54, 7, 'list', 1, '', 3, 'list', 54, 2);
INSERT INTO accn (accn__id, ctrl__id, accndscr, accnaudt, accnicno, mdlo__id, accnnmbr, accnordn, tpac__id) VALUES (59, 8, 'list', 1, '', 3, 'list', 59, 2);
INSERT INTO accn (accn__id, ctrl__id, accndscr, accnaudt, accnicno, mdlo__id, accnnmbr, accnordn, tpac__id) VALUES (56, 8, 'form_ajax', 1, '', 1, 'form_ajax', 56, 2);
INSERT INTO accn (accn__id, ctrl__id, accndscr, accnaudt, accnicno, mdlo__id, accnnmbr, accnordn, tpac__id) VALUES (57, 8, 'delete_ajax', 1, '', 1, 'delete_ajax', 57, 2);
INSERT INTO accn (accn__id, ctrl__id, accndscr, accnaudt, accnicno, mdlo__id, accnnmbr, accnordn, tpac__id) VALUES (48, 6, 'Maquinaria', 1, 'flaticon-construction11', 6, 'arbolAdmin', 48, 1);
INSERT INTO accn (accn__id, ctrl__id, accndscr, accnaudt, accnicno, mdlo__id, accnnmbr, accnordn, tpac__id) VALUES (18, 4, 'Inventario', 1, '', 4, 'inventarioResumen', 18, 2);
INSERT INTO accn (accn__id, ctrl__id, accndscr, accnaudt, accnicno, mdlo__id, accnnmbr, accnordn, tpac__id) VALUES (60, 8, 'save_ajax', 1, '', 1, 'save_ajax', 60, 2);
INSERT INTO accn (accn__id, ctrl__id, accndscr, accnaudt, accnicno, mdlo__id, accnnmbr, accnordn, tpac__id) VALUES (61, 8, 'show_ajax', 1, '', 1, 'show_ajax', 61, 2);
INSERT INTO accn (accn__id, ctrl__id, accndscr, accnaudt, accnicno, mdlo__id, accnnmbr, accnordn, tpac__id) VALUES (62, 9, 'form_ajax', 1, '', 1, 'form_ajax', 62, 2);
INSERT INTO accn (accn__id, ctrl__id, accndscr, accnaudt, accnicno, mdlo__id, accnnmbr, accnordn, tpac__id) VALUES (63, 9, 'show_ajax', 1, '', 1, 'show_ajax', 63, 2);
INSERT INTO accn (accn__id, ctrl__id, accndscr, accnaudt, accnicno, mdlo__id, accnnmbr, accnordn, tpac__id) VALUES (25, 4, 'inventario', 1, '', 4, 'inventario', 25, 2);
INSERT INTO accn (accn__id, ctrl__id, accndscr, accnaudt, accnicno, mdlo__id, accnnmbr, accnordn, tpac__id) VALUES (66, 9, 'validar_unique_codigo_ajax', 1, '', 1, 'validar_unique_codigo_ajax', 66, 2);
INSERT INTO accn (accn__id, ctrl__id, accndscr, accnaudt, accnicno, mdlo__id, accnnmbr, accnordn, tpac__id) VALUES (67, 9, 'delete_ajax', 1, '', 1, 'delete_ajax', 67, 2);
INSERT INTO accn (accn__id, ctrl__id, accndscr, accnaudt, accnicno, mdlo__id, accnnmbr, accnordn, tpac__id) VALUES (68, 9, 'save_ajax', 1, '', 1, 'save_ajax', 68, 2);
INSERT INTO accn (accn__id, ctrl__id, accndscr, accnaudt, accnicno, mdlo__id, accnnmbr, accnordn, tpac__id) VALUES (69, 10, 'delete_ajax', 1, '', 1, 'delete_ajax', 69, 2);
INSERT INTO accn (accn__id, ctrl__id, accndscr, accnaudt, accnicno, mdlo__id, accnnmbr, accnordn, tpac__id) VALUES (70, 10, 'form_ajax', 1, '', 1, 'form_ajax', 70, 2);
INSERT INTO accn (accn__id, ctrl__id, accndscr, accnaudt, accnicno, mdlo__id, accnnmbr, accnordn, tpac__id) VALUES (71, 10, 'validar_unique_codigo_ajax', 1, '', 1, 'validar_unique_codigo_ajax', 71, 2);
INSERT INTO accn (accn__id, ctrl__id, accndscr, accnaudt, accnicno, mdlo__id, accnnmbr, accnordn, tpac__id) VALUES (72, 10, 'save_ajax', 1, '', 1, 'save_ajax', 72, 2);
INSERT INTO accn (accn__id, ctrl__id, accndscr, accnaudt, accnicno, mdlo__id, accnnmbr, accnordn, tpac__id) VALUES (79, 11, 'list', 1, '', 3, 'list', 79, 2);
INSERT INTO accn (accn__id, ctrl__id, accndscr, accnaudt, accnicno, mdlo__id, accnnmbr, accnordn, tpac__id) VALUES (73, 10, 'index', 1, '', 3, 'index', 73, 2);
INSERT INTO accn (accn__id, ctrl__id, accndscr, accnaudt, accnicno, mdlo__id, accnnmbr, accnordn, tpac__id) VALUES (75, 10, 'show_ajax', 1, '', 1, 'show_ajax', 75, 2);
INSERT INTO accn (accn__id, ctrl__id, accndscr, accnaudt, accnicno, mdlo__id, accnnmbr, accnordn, tpac__id) VALUES (76, 11, 'show_ajax', 1, '', 1, 'show_ajax', 76, 2);
INSERT INTO accn (accn__id, ctrl__id, accndscr, accnaudt, accnicno, mdlo__id, accnnmbr, accnordn, tpac__id) VALUES (77, 11, 'delete_ajax', 1, '', 1, 'delete_ajax', 77, 2);
INSERT INTO accn (accn__id, ctrl__id, accndscr, accnaudt, accnicno, mdlo__id, accnnmbr, accnordn, tpac__id) VALUES (78, 11, 'form_ajax', 1, '', 1, 'form_ajax', 78, 2);
INSERT INTO accn (accn__id, ctrl__id, accndscr, accnaudt, accnicno, mdlo__id, accnnmbr, accnordn, tpac__id) VALUES (34, 5, 'index', 1, '', 4, 'index', 34, 2);
INSERT INTO accn (accn__id, ctrl__id, accndscr, accnaudt, accnicno, mdlo__id, accnnmbr, accnordn, tpac__id) VALUES (3, 2, 'list', 1, '', 3, 'list', 3, 2);
INSERT INTO accn (accn__id, ctrl__id, accndscr, accnaudt, accnicno, mdlo__id, accnnmbr, accnordn, tpac__id) VALUES (8, 3, 'desactivarBodega', 1, '', 4, 'desactivarBodega', 8, 2);
INSERT INTO accn (accn__id, ctrl__id, accndscr, accnaudt, accnicno, mdlo__id, accnnmbr, accnordn, tpac__id) VALUES (108, 15, 'index', 1, '', 7, 'index', 108, 2);
INSERT INTO accn (accn__id, ctrl__id, accndscr, accnaudt, accnicno, mdlo__id, accnnmbr, accnordn, tpac__id) VALUES (82, 11, 'save_ajax', 1, '', 1, 'save_ajax', 82, 2);
INSERT INTO accn (accn__id, ctrl__id, accndscr, accnaudt, accnicno, mdlo__id, accnnmbr, accnordn, tpac__id) VALUES (83, 12, 'delete_ajax', 1, '', 1, 'delete_ajax', 83, 2);
INSERT INTO accn (accn__id, ctrl__id, accndscr, accnaudt, accnicno, mdlo__id, accnnmbr, accnordn, tpac__id) VALUES (84, 12, 'save_ajax', 1, '', 1, 'save_ajax', 84, 2);
INSERT INTO accn (accn__id, ctrl__id, accndscr, accnaudt, accnicno, mdlo__id, accnnmbr, accnordn, tpac__id) VALUES (85, 12, 'validar_unique_codigo_ajax', 1, '', 1, 'validar_unique_codigo_ajax', 85, 2);
INSERT INTO accn (accn__id, ctrl__id, accndscr, accnaudt, accnicno, mdlo__id, accnnmbr, accnordn, tpac__id) VALUES (86, 12, 'show_ajax', 1, '', 1, 'show_ajax', 86, 2);
INSERT INTO accn (accn__id, ctrl__id, accndscr, accnaudt, accnicno, mdlo__id, accnnmbr, accnordn, tpac__id) VALUES (81, 11, 'index', 1, '', 3, 'index', 81, 2);
INSERT INTO accn (accn__id, ctrl__id, accndscr, accnaudt, accnicno, mdlo__id, accnnmbr, accnordn, tpac__id) VALUES (88, 12, 'form_ajax', 1, '', 1, 'form_ajax', 88, 2);
INSERT INTO accn (accn__id, ctrl__id, accndscr, accnaudt, accnicno, mdlo__id, accnnmbr, accnordn, tpac__id) VALUES (87, 12, 'list', 1, '', 3, 'list', 87, 2);
INSERT INTO accn (accn__id, ctrl__id, accndscr, accnaudt, accnicno, mdlo__id, accnnmbr, accnordn, tpac__id) VALUES (90, 13, 'cambiarPadre_ajax', 1, '', 1, 'cambiarPadre_ajax', 90, 2);
INSERT INTO accn (accn__id, ctrl__id, accndscr, accnaudt, accnicno, mdlo__id, accnnmbr, accnordn, tpac__id) VALUES (91, 13, 'show_ajax', 1, '', 1, 'show_ajax', 91, 2);
INSERT INTO accn (accn__id, ctrl__id, accndscr, accnaudt, accnicno, mdlo__id, accnnmbr, accnordn, tpac__id) VALUES (92, 13, 'arbolSearch_ajax', 1, '', 1, 'arbolSearch_ajax', 92, 2);
INSERT INTO accn (accn__id, ctrl__id, accndscr, accnaudt, accnicno, mdlo__id, accnnmbr, accnordn, tpac__id) VALUES (93, 13, 'save_ajax', 1, '', 1, 'save_ajax', 93, 2);
INSERT INTO accn (accn__id, ctrl__id, accndscr, accnaudt, accnicno, mdlo__id, accnnmbr, accnordn, tpac__id) VALUES (94, 13, 'form_ajax', 1, '', 1, 'form_ajax', 94, 2);
INSERT INTO accn (accn__id, ctrl__id, accndscr, accnaudt, accnicno, mdlo__id, accnnmbr, accnordn, tpac__id) VALUES (95, 13, 'delete_ajax', 1, '', 1, 'delete_ajax', 95, 2);
INSERT INTO accn (accn__id, ctrl__id, accndscr, accnaudt, accnicno, mdlo__id, accnnmbr, accnordn, tpac__id) VALUES (99, 13, 'index', 1, '', 3, 'index', 99, 2);
INSERT INTO accn (accn__id, ctrl__id, accndscr, accnaudt, accnicno, mdlo__id, accnnmbr, accnordn, tpac__id) VALUES (96, 13, 'list', 1, '', 3, 'list', 96, 2);
INSERT INTO accn (accn__id, ctrl__id, accndscr, accnaudt, accnicno, mdlo__id, accnnmbr, accnordn, tpac__id) VALUES (98, 13, 'cambiarActivo_ajax', 1, '', 1, 'cambiarActivo_ajax', 98, 2);
INSERT INTO accn (accn__id, ctrl__id, accndscr, accnaudt, accnicno, mdlo__id, accnnmbr, accnordn, tpac__id) VALUES (119, 16, 'show', 1, '', 7, 'show', 119, 2);
INSERT INTO accn (accn__id, ctrl__id, accndscr, accnaudt, accnicno, mdlo__id, accnnmbr, accnordn, tpac__id) VALUES (101, 14, 'delete_ajax', 1, '', 1, 'delete_ajax', 101, 2);
INSERT INTO accn (accn__id, ctrl__id, accndscr, accnaudt, accnicno, mdlo__id, accnnmbr, accnordn, tpac__id) VALUES (102, 14, 'save_ajax', 1, '', 1, 'save_ajax', 102, 2);
INSERT INTO accn (accn__id, ctrl__id, accndscr, accnaudt, accnicno, mdlo__id, accnnmbr, accnordn, tpac__id) VALUES (145, 21, 'index', 1, '', 3, 'index', 145, 2);
INSERT INTO accn (accn__id, ctrl__id, accndscr, accnaudt, accnicno, mdlo__id, accnnmbr, accnordn, tpac__id) VALUES (147, 21, 'list', 1, '', 3, 'list', 147, 2);
INSERT INTO accn (accn__id, ctrl__id, accndscr, accnaudt, accnicno, mdlo__id, accnnmbr, accnordn, tpac__id) VALUES (105, 14, 'form_ajax', 1, '', 1, 'form_ajax', 105, 2);
INSERT INTO accn (accn__id, ctrl__id, accndscr, accnaudt, accnicno, mdlo__id, accnnmbr, accnordn, tpac__id) VALUES (106, 14, 'show_ajax', 1, '', 1, 'show_ajax', 106, 2);
INSERT INTO accn (accn__id, ctrl__id, accndscr, accnaudt, accnicno, mdlo__id, accnnmbr, accnordn, tpac__id) VALUES (107, 14, 'validar_unique_codigo_ajax', 1, '', 1, 'validar_unique_codigo_ajax', 107, 2);
INSERT INTO accn (accn__id, ctrl__id, accndscr, accnaudt, accnicno, mdlo__id, accnnmbr, accnordn, tpac__id) VALUES (104, 14, 'index', 1, '', 3, 'index', 104, 2);
INSERT INTO accn (accn__id, ctrl__id, accndscr, accnaudt, accnicno, mdlo__id, accnnmbr, accnordn, tpac__id) VALUES (109, 15, 'delete_ajax', 1, '', 1, 'delete_ajax', 109, 2);
INSERT INTO accn (accn__id, ctrl__id, accndscr, accnaudt, accnicno, mdlo__id, accnnmbr, accnordn, tpac__id) VALUES (110, 15, 'form_ajax', 1, '', 1, 'form_ajax', 110, 2);
INSERT INTO accn (accn__id, ctrl__id, accndscr, accnaudt, accnicno, mdlo__id, accnnmbr, accnordn, tpac__id) VALUES (111, 15, 'save_ajax', 1, '', 1, 'save_ajax', 111, 2);
INSERT INTO accn (accn__id, ctrl__id, accndscr, accnaudt, accnicno, mdlo__id, accnnmbr, accnordn, tpac__id) VALUES (112, 15, 'list_ajax', 1, '', 1, 'list_ajax', 112, 2);
INSERT INTO accn (accn__id, ctrl__id, accndscr, accnaudt, accnicno, mdlo__id, accnnmbr, accnordn, tpac__id) VALUES (152, 22, 'list', 1, '', 3, 'list', 152, 2);
INSERT INTO accn (accn__id, ctrl__id, accndscr, accnaudt, accnicno, mdlo__id, accnnmbr, accnordn, tpac__id) VALUES (114, 15, 'show_ajax', 1, '', 1, 'show_ajax', 114, 2);
INSERT INTO accn (accn__id, ctrl__id, accndscr, accnaudt, accnicno, mdlo__id, accnnmbr, accnordn, tpac__id) VALUES (116, 16, 'Nuevo proyecto', 1, 'flaticon-hammer42', 7, 'form', 2, 1);
INSERT INTO accn (accn__id, ctrl__id, accndscr, accnaudt, accnicno, mdlo__id, accnnmbr, accnordn, tpac__id) VALUES (113, 15, 'list', 1, '', 7, 'list', 113, 2);
INSERT INTO accn (accn__id, ctrl__id, accndscr, accnaudt, accnicno, mdlo__id, accnnmbr, accnordn, tpac__id) VALUES (117, 16, 'delete_ajax', 1, '', 1, 'delete_ajax', 117, 2);
INSERT INTO accn (accn__id, ctrl__id, accndscr, accnaudt, accnicno, mdlo__id, accnnmbr, accnordn, tpac__id) VALUES (118, 16, 'Lista de Proyectos', 1, 'fa fa-list', 7, 'list', 1, 1);
INSERT INTO accn (accn__id, ctrl__id, accndscr, accnaudt, accnicno, mdlo__id, accnnmbr, accnordn, tpac__id) VALUES (121, 16, 'save', 1, '', 7, 'save', 121, 2);
INSERT INTO accn (accn__id, ctrl__id, accndscr, accnaudt, accnicno, mdlo__id, accnnmbr, accnordn, tpac__id) VALUES (135, 19, 'Inicio', 1, '', 2, 'index', 135, 1);
INSERT INTO accn (accn__id, ctrl__id, accndscr, accnaudt, accnicno, mdlo__id, accnnmbr, accnordn, tpac__id) VALUES (122, 17, 'notaDePedido', 1, '', 1, 'notaDePedido', 122, 2);
INSERT INTO accn (accn__id, ctrl__id, accndscr, accnaudt, accnicno, mdlo__id, accnnmbr, accnordn, tpac__id) VALUES (123, 17, 'ingresoDeBodega', 1, '', 1, 'ingresoDeBodega', 123, 2);
INSERT INTO accn (accn__id, ctrl__id, accndscr, accnaudt, accnicno, mdlo__id, accnnmbr, accnordn, tpac__id) VALUES (120, 16, 'index', 1, '', 7, 'index', 120, 2);
INSERT INTO accn (accn__id, ctrl__id, accndscr, accnaudt, accnicno, mdlo__id, accnnmbr, accnordn, tpac__id) VALUES (125, 1, 'accionCambiarNombre_ajax', 1, '', 1, 'accionCambiarNombre_ajax', 125, 2);
INSERT INTO accn (accn__id, ctrl__id, accndscr, accnaudt, accnicno, mdlo__id, accnnmbr, accnordn, tpac__id) VALUES (126, 1, 'accionCambiarModulo_ajax', 1, '', 1, 'accionCambiarModulo_ajax', 126, 2);
INSERT INTO accn (accn__id, ctrl__id, accndscr, accnaudt, accnicno, mdlo__id, accnnmbr, accnordn, tpac__id) VALUES (127, 1, 'cargarAcciones_ajax', 1, '', 1, 'cargarAcciones_ajax', 127, 2);
INSERT INTO accn (accn__id, ctrl__id, accndscr, accnaudt, accnicno, mdlo__id, accnnmbr, accnordn, tpac__id) VALUES (128, 1, 'accionCambiarIcono_ajax', 1, '', 1, 'accionCambiarIcono_ajax', 128, 2);
INSERT INTO accn (accn__id, ctrl__id, accndscr, accnaudt, accnicno, mdlo__id, accnnmbr, accnordn, tpac__id) VALUES (124, 1, 'containsIlike', 1, '', 3, 'containsIlike', 124, 2);
INSERT INTO accn (accn__id, ctrl__id, accndscr, accnaudt, accnicno, mdlo__id, accnnmbr, accnordn, tpac__id) VALUES (130, 1, 'guardarPermisos_ajax', 1, '', 1, 'guardarPermisos_ajax', 130, 2);
INSERT INTO accn (accn__id, ctrl__id, accndscr, accnaudt, accnicno, mdlo__id, accnnmbr, accnordn, tpac__id) VALUES (131, 1, 'accionCambiarTipo_ajax', 1, '', 1, 'accionCambiarTipo_ajax', 131, 2);
INSERT INTO accn (accn__id, ctrl__id, accndscr, accnaudt, accnicno, mdlo__id, accnnmbr, accnordn, tpac__id) VALUES (132, 1, 'acciones_ajax', 1, '', 1, 'acciones_ajax', 132, 2);
INSERT INTO accn (accn__id, ctrl__id, accndscr, accnaudt, accnicno, mdlo__id, accnnmbr, accnordn, tpac__id) VALUES (133, 1, 'accionCambiarOrden_ajax', 1, '', 1, 'accionCambiarOrden_ajax', 133, 2);
INSERT INTO accn (accn__id, ctrl__id, accndscr, accnaudt, accnicno, mdlo__id, accnnmbr, accnordn, tpac__id) VALUES (134, 18, 'dlgIconos_ajax', 1, '', 1, 'dlgIconos_ajax', 134, 2);
INSERT INTO accn (accn__id, ctrl__id, accndscr, accnaudt, accnicno, mdlo__id, accnnmbr, accnordn, tpac__id) VALUES (136, 19, 'Parámetros', 1, 'fa fa-cogs', 3, 'parametros', 2, 1);
INSERT INTO accn (accn__id, ctrl__id, accndscr, accnaudt, accnicno, mdlo__id, accnnmbr, accnordn, tpac__id) VALUES (89, 12, 'index', 1, '', 3, 'index', 89, 2);
INSERT INTO accn (accn__id, ctrl__id, accndscr, accnaudt, accnicno, mdlo__id, accnnmbr, accnordn, tpac__id) VALUES (115, 16, 'Configuración del proyecto', 1, '', 7, 'config', 115, 2);
INSERT INTO accn (accn__id, ctrl__id, accndscr, accnaudt, accnicno, mdlo__id, accnnmbr, accnordn, tpac__id) VALUES (138, 20, 'save_ajax', 1, '', 1, 'save_ajax', 138, 2);
INSERT INTO accn (accn__id, ctrl__id, accndscr, accnaudt, accnicno, mdlo__id, accnnmbr, accnordn, tpac__id) VALUES (137, 19, 'demoUI', 1, '', 2, 'demoUI', 137, 2);
INSERT INTO accn (accn__id, ctrl__id, accndscr, accnaudt, accnicno, mdlo__id, accnnmbr, accnordn, tpac__id) VALUES (141, 20, 'delete_ajax', 1, '', 1, 'delete_ajax', 141, 2);
INSERT INTO accn (accn__id, ctrl__id, accndscr, accnaudt, accnicno, mdlo__id, accnnmbr, accnordn, tpac__id) VALUES (97, 13, 'Usuarios', 1, 'flaticon-construction4', 3, 'arbol', 1, 1);
INSERT INTO accn (accn__id, ctrl__id, accndscr, accnaudt, accnicno, mdlo__id, accnnmbr, accnordn, tpac__id) VALUES (143, 20, 'show_ajax', 1, '', 1, 'show_ajax', 143, 2);
INSERT INTO accn (accn__id, ctrl__id, accndscr, accnaudt, accnicno, mdlo__id, accnnmbr, accnordn, tpac__id) VALUES (144, 21, 'save_ajax', 1, '', 1, 'save_ajax', 144, 2);
INSERT INTO accn (accn__id, ctrl__id, accndscr, accnaudt, accnicno, mdlo__id, accnnmbr, accnordn, tpac__id) VALUES (142, 20, 'index', 1, '', 3, 'index', 142, 2);
INSERT INTO accn (accn__id, ctrl__id, accndscr, accnaudt, accnicno, mdlo__id, accnnmbr, accnordn, tpac__id) VALUES (146, 21, 'show_ajax', 1, '', 1, 'show_ajax', 146, 2);
INSERT INTO accn (accn__id, ctrl__id, accndscr, accnaudt, accnicno, mdlo__id, accnnmbr, accnordn, tpac__id) VALUES (103, 14, 'list', 1, '', 3, 'list', 103, 2);
INSERT INTO accn (accn__id, ctrl__id, accndscr, accnaudt, accnicno, mdlo__id, accnnmbr, accnordn, tpac__id) VALUES (148, 21, 'validar_unique_codigo_ajax', 1, '', 1, 'validar_unique_codigo_ajax', 148, 2);
INSERT INTO accn (accn__id, ctrl__id, accndscr, accnaudt, accnicno, mdlo__id, accnnmbr, accnordn, tpac__id) VALUES (149, 21, 'form_ajax', 1, '', 1, 'form_ajax', 149, 2);
INSERT INTO accn (accn__id, ctrl__id, accndscr, accnaudt, accnicno, mdlo__id, accnnmbr, accnordn, tpac__id) VALUES (150, 21, 'delete_ajax', 1, '', 1, 'delete_ajax', 150, 2);
INSERT INTO accn (accn__id, ctrl__id, accndscr, accnaudt, accnicno, mdlo__id, accnnmbr, accnordn, tpac__id) VALUES (151, 22, 'form_ajax', 1, '', 1, 'form_ajax', 151, 2);
INSERT INTO accn (accn__id, ctrl__id, accndscr, accnaudt, accnicno, mdlo__id, accnnmbr, accnordn, tpac__id) VALUES (129, 1, 'index', 1, '', 3, 'index', 129, 2);
INSERT INTO accn (accn__id, ctrl__id, accndscr, accnaudt, accnicno, mdlo__id, accnnmbr, accnordn, tpac__id) VALUES (153, 22, 'cambiarTipoUsuario_ajax', 1, '', 1, 'cambiarTipoUsuario_ajax', 153, 2);
INSERT INTO accn (accn__id, ctrl__id, accndscr, accnaudt, accnicno, mdlo__id, accnnmbr, accnordn, tpac__id) VALUES (154, 22, 'savePass_ajax', 1, '', 1, 'savePass_ajax', 154, 2);
INSERT INTO accn (accn__id, ctrl__id, accndscr, accnaudt, accnicno, mdlo__id, accnnmbr, accnordn, tpac__id) VALUES (155, 22, 'delete_ajax', 1, '', 1, 'delete_ajax', 155, 2);
INSERT INTO accn (accn__id, ctrl__id, accndscr, accnaudt, accnicno, mdlo__id, accnnmbr, accnordn, tpac__id) VALUES (156, 22, 'save_ajax', 1, '', 1, 'save_ajax', 156, 2);
INSERT INTO accn (accn__id, ctrl__id, accndscr, accnaudt, accnicno, mdlo__id, accnnmbr, accnordn, tpac__id) VALUES (139, 20, 'list', 1, '', 3, 'list', 139, 2);
INSERT INTO accn (accn__id, ctrl__id, accndscr, accnaudt, accnicno, mdlo__id, accnnmbr, accnordn, tpac__id) VALUES (2, 2, 'list_ajax', 1, '', 1, 'list_ajax', 2, 2);
INSERT INTO accn (accn__id, ctrl__id, accndscr, accnaudt, accnicno, mdlo__id, accnnmbr, accnordn, tpac__id) VALUES (26, 4, 'egresoBodega_ajax', 1, '', 1, 'egresoBodega_ajax', 26, 2);
INSERT INTO accn (accn__id, ctrl__id, accndscr, accnaudt, accnicno, mdlo__id, accnnmbr, accnordn, tpac__id) VALUES (55, 7, 'validar_unique_codigo_ajax', 1, '', 1, 'validar_unique_codigo_ajax', 55, 2);
INSERT INTO accn (accn__id, ctrl__id, accndscr, accnaudt, accnicno, mdlo__id, accnnmbr, accnordn, tpac__id) VALUES (80, 11, 'validar_unique_codigo_ajax', 1, '', 1, 'validar_unique_codigo_ajax', 80, 2);
INSERT INTO accn (accn__id, ctrl__id, accndscr, accnaudt, accnicno, mdlo__id, accnnmbr, accnordn, tpac__id) VALUES (100, 13, 'validar_unique_codigo_ajax', 1, '', 1, 'validar_unique_codigo_ajax', 100, 2);
INSERT INTO accn (accn__id, ctrl__id, accndscr, accnaudt, accnicno, mdlo__id, accnnmbr, accnordn, tpac__id) VALUES (140, 20, 'form_ajax', 1, '', 1, 'form_ajax', 140, 2);
INSERT INTO accn (accn__id, ctrl__id, accndscr, accnaudt, accnicno, mdlo__id, accnnmbr, accnordn, tpac__id) VALUES (157, 22, 'validar_unique_mail_ajax', 1, '', 1, 'validar_unique_mail_ajax', 157, 2);
INSERT INTO accn (accn__id, ctrl__id, accndscr, accnaudt, accnicno, mdlo__id, accnnmbr, accnordn, tpac__id) VALUES (158, 22, 'validar_unique_cedula_ajax', 1, '', 1, 'validar_unique_cedula_ajax', 158, 2);
INSERT INTO accn (accn__id, ctrl__id, accndscr, accnaudt, accnicno, mdlo__id, accnnmbr, accnordn, tpac__id) VALUES (199, 24, 'revisarGerente', 1, '', 5, 'revisarGerente', 199, 2);
INSERT INTO accn (accn__id, ctrl__id, accndscr, accnaudt, accnicno, mdlo__id, accnnmbr, accnordn, tpac__id) VALUES (160, 22, 'cambiarActivo_ajax', 1, '', 1, 'cambiarActivo_ajax', 160, 2);
INSERT INTO accn (accn__id, ctrl__id, accndscr, accnaudt, accnicno, mdlo__id, accnnmbr, accnordn, tpac__id) VALUES (161, 22, 'validarPass_ajax', 1, '', 1, 'validarPass_ajax', 161, 2);
INSERT INTO accn (accn__id, ctrl__id, accndscr, accnaudt, accnicno, mdlo__id, accnnmbr, accnordn, tpac__id) VALUES (162, 22, 'validar_aut_previa_ajax', 1, '', 1, 'validar_aut_previa_ajax', 162, 2);
INSERT INTO accn (accn__id, ctrl__id, accndscr, accnaudt, accnicno, mdlo__id, accnnmbr, accnordn, tpac__id) VALUES (163, 22, 'validarAuth_ajax', 1, '', 1, 'validarAuth_ajax', 163, 2);
INSERT INTO accn (accn__id, ctrl__id, accndscr, accnaudt, accnicno, mdlo__id, accnnmbr, accnordn, tpac__id) VALUES (165, 22, 'personal', 1, '', 3, 'personal', 165, 2);
INSERT INTO accn (accn__id, ctrl__id, accndscr, accnaudt, accnicno, mdlo__id, accnnmbr, accnordn, tpac__id) VALUES (202, 24, 'Todas las notas de pedido', 1, 'fa fa-list-alt', 5, 'lista', 1, 1);
INSERT INTO accn (accn__id, ctrl__id, accndscr, accnaudt, accnicno, mdlo__id, accnnmbr, accnordn, tpac__id) VALUES (167, 22, 'resetAuth_ajax', 1, '', 1, 'resetAuth_ajax', 167, 2);
INSERT INTO accn (accn__id, ctrl__id, accndscr, accnaudt, accnicno, mdlo__id, accnnmbr, accnordn, tpac__id) VALUES (168, 22, 'show_ajax', 1, '', 1, 'show_ajax', 168, 2);
INSERT INTO accn (accn__id, ctrl__id, accndscr, accnaudt, accnicno, mdlo__id, accnnmbr, accnordn, tpac__id) VALUES (166, 22, 'loadFoto', 1, '', 3, 'loadFoto', 166, 2);
INSERT INTO accn (accn__id, ctrl__id, accndscr, accnaudt, accnicno, mdlo__id, accnnmbr, accnordn, tpac__id) VALUES (170, 22, 'validar_unique_login_ajax', 1, '', 1, 'validar_unique_login_ajax', 170, 2);
INSERT INTO accn (accn__id, ctrl__id, accndscr, accnaudt, accnicno, mdlo__id, accnnmbr, accnordn, tpac__id) VALUES (172, 24, 'negarJefeCompras_ajax', 1, '', 1, 'negarJefeCompras_ajax', 172, 2);
INSERT INTO accn (accn__id, ctrl__id, accndscr, accnaudt, accnicno, mdlo__id, accnnmbr, accnordn, tpac__id) VALUES (207, 24, 'Lista Jefe', 1, 'fa fa-check-circle-o', 5, 'listaJefatura', 3, 1);
INSERT INTO accn (accn__id, ctrl__id, accndscr, accnaudt, accnicno, mdlo__id, accnnmbr, accnordn, tpac__id) VALUES (179, 24, 'Lista Aprobadas', 1, 'fa fa-check', 5, 'listaAprobadas', 9, 1);
INSERT INTO accn (accn__id, ctrl__id, accndscr, accnaudt, accnicno, mdlo__id, accnnmbr, accnordn, tpac__id) VALUES (175, 24, 'bodegaFinal_ajax', 1, '', 1, 'bodegaFinal_ajax', 175, 2);
INSERT INTO accn (accn__id, ctrl__id, accndscr, accnaudt, accnicno, mdlo__id, accnnmbr, accnordn, tpac__id) VALUES (176, 24, 'aprobarFinal_ajax', 1, '', 1, 'aprobarFinal_ajax', 176, 2);
INSERT INTO accn (accn__id, ctrl__id, accndscr, accnaudt, accnicno, mdlo__id, accnnmbr, accnordn, tpac__id) VALUES (185, 24, 'Lista Bodega', 1, 'fa fa-inbox', 5, 'listaBodega', 8, 1);
INSERT INTO accn (accn__id, ctrl__id, accndscr, accnaudt, accnicno, mdlo__id, accnnmbr, accnordn, tpac__id) VALUES (178, 24, 'dlgAprobarFinal_ajax', 1, '', 1, 'dlgAprobarFinal_ajax', 178, 2);
INSERT INTO accn (accn__id, ctrl__id, accndscr, accnaudt, accnicno, mdlo__id, accnnmbr, accnordn, tpac__id) VALUES (171, 23, 'verDocumento', 1, '', 3, 'verDocumento', 171, 2);
INSERT INTO accn (accn__id, ctrl__id, accndscr, accnaudt, accnicno, mdlo__id, accnnmbr, accnordn, tpac__id) VALUES (180, 24, 'aprobarJefatura_ajax', 1, '', 1, 'aprobarJefatura_ajax', 180, 2);
INSERT INTO accn (accn__id, ctrl__id, accndscr, accnaudt, accnicno, mdlo__id, accnnmbr, accnordn, tpac__id) VALUES (181, 24, 'dlgSolicitarCotizaciones_ajax', 1, '', 1, 'dlgSolicitarCotizaciones_ajax', 181, 2);
INSERT INTO accn (accn__id, ctrl__id, accndscr, accnaudt, accnicno, mdlo__id, accnnmbr, accnordn, tpac__id) VALUES (182, 24, 'solicitarCotizaciones_ajax', 1, '', 1, 'solicitarCotizaciones_ajax', 182, 2);
INSERT INTO accn (accn__id, ctrl__id, accndscr, accnaudt, accnicno, mdlo__id, accnnmbr, accnordn, tpac__id) VALUES (159, 22, 'resizeCropImage', 1, '', 3, 'resizeCropImage', 159, 2);
INSERT INTO accn (accn__id, ctrl__id, accndscr, accnaudt, accnicno, mdlo__id, accnnmbr, accnordn, tpac__id) VALUES (184, 24, 'negarFinal_ajax', 1, '', 1, 'negarFinal_ajax', 184, 2);
INSERT INTO accn (accn__id, ctrl__id, accndscr, accnaudt, accnicno, mdlo__id, accnnmbr, accnordn, tpac__id) VALUES (183, 24, 'revisarJefatura', 1, '', 5, 'revisarJefatura', 183, 2);
INSERT INTO accn (accn__id, ctrl__id, accndscr, accnaudt, accnicno, mdlo__id, accnnmbr, accnordn, tpac__id) VALUES (186, 24, 'dlgAprobarJefeCompras_ajax', 1, '', 1, 'dlgAprobarJefeCompras_ajax', 186, 2);
INSERT INTO accn (accn__id, ctrl__id, accndscr, accnaudt, accnicno, mdlo__id, accnnmbr, accnordn, tpac__id) VALUES (187, 24, 'bodegaJefatura_ajax', 1, '', 1, 'bodegaJefatura_ajax', 187, 2);
INSERT INTO accn (accn__id, ctrl__id, accndscr, accnaudt, accnicno, mdlo__id, accnnmbr, accnordn, tpac__id) VALUES (188, 24, 'negarJefatura_ajax', 1, '', 1, 'negarJefatura_ajax', 188, 2);
INSERT INTO accn (accn__id, ctrl__id, accndscr, accnaudt, accnicno, mdlo__id, accnnmbr, accnordn, tpac__id) VALUES (196, 24, 'revisarJefeCompras', 1, '', 5, 'revisarJefeCompras', 196, 2);
INSERT INTO accn (accn__id, ctrl__id, accndscr, accnaudt, accnicno, mdlo__id, accnnmbr, accnordn, tpac__id) VALUES (205, 24, 'saveSolicitud', 1, '', 5, 'saveSolicitud', 205, 2);
INSERT INTO accn (accn__id, ctrl__id, accndscr, accnaudt, accnicno, mdlo__id, accnnmbr, accnordn, tpac__id) VALUES (192, 24, 'Lista Gerente (Aprobar)', 1, 'fa fa-check-circle', 5, 'listaGerente', 7, 1);
INSERT INTO accn (accn__id, ctrl__id, accndscr, accnaudt, accnicno, mdlo__id, accnnmbr, accnordn, tpac__id) VALUES (190, 24, 'revisarJefe', 1, '', 5, 'revisarJefe', 190, 2);
INSERT INTO accn (accn__id, ctrl__id, accndscr, accnaudt, accnicno, mdlo__id, accnnmbr, accnordn, tpac__id) VALUES (193, 24, 'dlgAprobarJefe_ajax', 1, '', 1, 'dlgAprobarJefe_ajax', 193, 2);
INSERT INTO accn (accn__id, ctrl__id, accndscr, accnaudt, accnicno, mdlo__id, accnnmbr, accnordn, tpac__id) VALUES (191, 24, 'saveCotizacion', 1, '', 5, 'saveCotizacion', 191, 2);
INSERT INTO accn (accn__id, ctrl__id, accndscr, accnaudt, accnicno, mdlo__id, accnnmbr, accnordn, tpac__id) VALUES (195, 24, 'dlgIngresoBodega_ajax', 1, '', 1, 'dlgIngresoBodega_ajax', 195, 2);
INSERT INTO accn (accn__id, ctrl__id, accndscr, accnaudt, accnicno, mdlo__id, accnnmbr, accnordn, tpac__id) VALUES (194, 24, 'revisarAsistenteCompras', 1, '', 5, 'revisarAsistenteCompras', 194, 2);
INSERT INTO accn (accn__id, ctrl__id, accndscr, accnaudt, accnicno, mdlo__id, accnnmbr, accnordn, tpac__id) VALUES (197, 24, 'dlgNegarFinal_ajax', 1, '', 1, 'dlgNegarFinal_ajax', 197, 2);
INSERT INTO accn (accn__id, ctrl__id, accndscr, accnaudt, accnicno, mdlo__id, accnnmbr, accnordn, tpac__id) VALUES (198, 24, 'bodegaJefeCompras_ajax', 1, '', 1, 'bodegaJefeCompras_ajax', 198, 2);
INSERT INTO accn (accn__id, ctrl__id, accndscr, accnaudt, accnicno, mdlo__id, accnnmbr, accnordn, tpac__id) VALUES (174, 24, 'Lista Jefe (Aprobar)', 1, 'fa fa-check-circle', 5, 'listaJefe', 6, 1);
INSERT INTO accn (accn__id, ctrl__id, accndscr, accnaudt, accnicno, mdlo__id, accnnmbr, accnordn, tpac__id) VALUES (200, 24, 'aprobarAsistenteCompras_ajax', 1, '', 1, 'aprobarAsistenteCompras_ajax', 200, 2);
INSERT INTO accn (accn__id, ctrl__id, accndscr, accnaudt, accnicno, mdlo__id, accnnmbr, accnordn, tpac__id) VALUES (201, 24, 'Lista Jefe de Compras', 1, 'fa fa-slideshare', 5, 'listaJefeCompras', 4, 1);
INSERT INTO accn (accn__id, ctrl__id, accndscr, accnaudt, accnicno, mdlo__id, accnnmbr, accnordn, tpac__id) VALUES (164, 22, 'index', 1, '', 3, 'index', 164, 2);
INSERT INTO accn (accn__id, ctrl__id, accndscr, accnaudt, accnicno, mdlo__id, accnnmbr, accnordn, tpac__id) VALUES (203, 24, 'aprobarJefeCompras_ajax', 1, '', 1, 'aprobarJefeCompras_ajax', 203, 2);
INSERT INTO accn (accn__id, ctrl__id, accndscr, accnaudt, accnicno, mdlo__id, accnnmbr, accnordn, tpac__id) VALUES (204, 24, 'negarAsistenteCompras_ajax', 1, '', 1, 'negarAsistenteCompras_ajax', 204, 2);
INSERT INTO accn (accn__id, ctrl__id, accndscr, accnaudt, accnicno, mdlo__id, accnnmbr, accnordn, tpac__id) VALUES (173, 24, 'Lista Asistente Compras', 1, 'fa fa-pencil-square-o', 5, 'listaAsistenteCompras', 5, 1);
INSERT INTO accn (accn__id, ctrl__id, accndscr, accnaudt, accnicno, mdlo__id, accnnmbr, accnordn, tpac__id) VALUES (206, 24, 'dlgNegar_ajax', 1, '', 1, 'dlgNegar_ajax', 206, 2);
INSERT INTO accn (accn__id, ctrl__id, accndscr, accnaudt, accnicno, mdlo__id, accnnmbr, accnordn, tpac__id) VALUES (169, 22, 'uploadFile', 1, '', 3, 'uploadFile', 169, 2);
INSERT INTO accn (accn__id, ctrl__id, accndscr, accnaudt, accnicno, mdlo__id, accnnmbr, accnordn, tpac__id) VALUES (208, 24, 'bodegaAsistenteCompras_ajax', 1, '', 1, 'bodegaAsistenteCompras_ajax', 208, 2);
INSERT INTO accn (accn__id, ctrl__id, accndscr, accnaudt, accnicno, mdlo__id, accnnmbr, accnordn, tpac__id) VALUES (209, 24, 'dlgAprobarAsistenteCompras_ajax', 1, '', 1, 'dlgAprobarAsistenteCompras_ajax', 209, 2);
INSERT INTO accn (accn__id, ctrl__id, accndscr, accnaudt, accnicno, mdlo__id, accnnmbr, accnordn, tpac__id) VALUES (210, 24, 'dlgBodega_ajax', 1, '', 1, 'dlgBodega_ajax', 210, 2);
INSERT INTO accn (accn__id, ctrl__id, accndscr, accnaudt, accnicno, mdlo__id, accnnmbr, accnordn, tpac__id) VALUES (4, 2, 'showAlerta', 1, '', 3, 'showAlerta', 4, 2);
INSERT INTO accn (accn__id, ctrl__id, accndscr, accnaudt, accnicno, mdlo__id, accnnmbr, accnordn, tpac__id) VALUES (20, 4, 'Ingreso De Bodega', 1, 'fa fa-cart-arrow-down', 4, 'ingresoDeBodega', 2, 1);
INSERT INTO accn (accn__id, ctrl__id, accndscr, accnaudt, accnicno, mdlo__id, accnnmbr, accnordn, tpac__id) VALUES (177, 24, 'bodega', 1, '', 5, 'bodega', 177, 2);
INSERT INTO accn (accn__id, ctrl__id, accndscr, accnaudt, accnicno, mdlo__id, accnnmbr, accnordn, tpac__id) VALUES (189, 24, 'Nueva Nota de Pedido', 1, 'fa fa-shopping-cart', 5, 'pedido', 2, 1);
INSERT INTO accn (accn__id, ctrl__id, accndscr, accnaudt, accnicno, mdlo__id, accnnmbr, accnordn, tpac__id) VALUES (211, 13, 'Usuarios', 1, 'flaticon-construction4', 3, 'arbolAdmin', 1, 1);
INSERT INTO accn (accn__id, ctrl__id, accndscr, accnaudt, accnicno, mdlo__id, accnnmbr, accnordn, tpac__id) VALUES (212, 16, 'Lista de Proyectos', 1, 'fa fa-list', 7, 'listAdmin', 1, 1);
INSERT INTO accn (accn__id, ctrl__id, accndscr, accnaudt, accnicno, mdlo__id, accnnmbr, accnordn, tpac__id) VALUES (214, 25, 'delete_ajax', 1, '', 1, 'delete_ajax', 214, 2);
INSERT INTO accn (accn__id, ctrl__id, accndscr, accnaudt, accnicno, mdlo__id, accnnmbr, accnordn, tpac__id) VALUES (215, 25, 'form_ajax', 1, '', 1, 'form_ajax', 215, 2);
INSERT INTO accn (accn__id, ctrl__id, accndscr, accnaudt, accnicno, mdlo__id, accnnmbr, accnordn, tpac__id) VALUES (213, 25, 'show_ajax', 1, '', 1, 'show_ajax', 213, 2);
INSERT INTO accn (accn__id, ctrl__id, accndscr, accnaudt, accnicno, mdlo__id, accnnmbr, accnordn, tpac__id) VALUES (218, 25, 'save_ajax', 1, '', 1, 'save_ajax', 218, 2);
INSERT INTO accn (accn__id, ctrl__id, accndscr, accnaudt, accnicno, mdlo__id, accnnmbr, accnordn, tpac__id) VALUES (216, 25, 'index', 1, '', 3, 'index', 216, 2);
INSERT INTO accn (accn__id, ctrl__id, accndscr, accnaudt, accnicno, mdlo__id, accnnmbr, accnordn, tpac__id) VALUES (217, 25, 'list', 1, '', 3, 'list', 217, 2);

INSERT INTO prms (prms__id, accn__id, prfl__id) VALUES (1, 1, 1);
INSERT INTO prms (prms__id, accn__id, prfl__id) VALUES (2, 135, 1);
INSERT INTO prms (prms__id, accn__id, prfl__id) VALUES (3, 136, 1);
INSERT INTO prms (prms__id, accn__id, prfl__id) VALUES (5, 3, 1);
INSERT INTO prms (prms__id, accn__id, prfl__id) VALUES (6, 4, 1);
INSERT INTO prms (prms__id, accn__id, prfl__id) VALUES (7, 53, 1);
INSERT INTO prms (prms__id, accn__id, prfl__id) VALUES (8, 54, 1);
INSERT INTO prms (prms__id, accn__id, prfl__id) VALUES (9, 58, 1);
INSERT INTO prms (prms__id, accn__id, prfl__id) VALUES (10, 59, 1);
INSERT INTO prms (prms__id, accn__id, prfl__id) VALUES (11, 64, 1);
INSERT INTO prms (prms__id, accn__id, prfl__id) VALUES (12, 65, 1);
INSERT INTO prms (prms__id, accn__id, prfl__id) VALUES (13, 73, 1);
INSERT INTO prms (prms__id, accn__id, prfl__id) VALUES (14, 74, 1);
INSERT INTO prms (prms__id, accn__id, prfl__id) VALUES (15, 79, 1);
INSERT INTO prms (prms__id, accn__id, prfl__id) VALUES (16, 81, 1);
INSERT INTO prms (prms__id, accn__id, prfl__id) VALUES (17, 87, 1);
INSERT INTO prms (prms__id, accn__id, prfl__id) VALUES (18, 89, 1);
INSERT INTO prms (prms__id, accn__id, prfl__id) VALUES (19, 96, 1);
INSERT INTO prms (prms__id, accn__id, prfl__id) VALUES (20, 99, 1);
INSERT INTO prms (prms__id, accn__id, prfl__id) VALUES (21, 103, 1);
INSERT INTO prms (prms__id, accn__id, prfl__id) VALUES (22, 104, 1);
INSERT INTO prms (prms__id, accn__id, prfl__id) VALUES (23, 165, 1);
INSERT INTO prms (prms__id, accn__id, prfl__id) VALUES (24, 166, 1);
INSERT INTO prms (prms__id, accn__id, prfl__id) VALUES (25, 169, 1);
INSERT INTO prms (prms__id, accn__id, prfl__id) VALUES (26, 171, 1);
INSERT INTO prms (prms__id, accn__id, prfl__id) VALUES (27, 14, 1);
INSERT INTO prms (prms__id, accn__id, prfl__id) VALUES (29, 18, 1);
INSERT INTO prms (prms__id, accn__id, prfl__id) VALUES (30, 25, 1);
INSERT INTO prms (prms__id, accn__id, prfl__id) VALUES (31, 30, 1);
INSERT INTO prms (prms__id, accn__id, prfl__id) VALUES (35, 179, 1);
INSERT INTO prms (prms__id, accn__id, prfl__id) VALUES (38, 189, 1);
INSERT INTO prms (prms__id, accn__id, prfl__id) VALUES (45, 202, 1);
INSERT INTO prms (prms__id, accn__id, prfl__id) VALUES (48, 48, 1);
INSERT INTO prms (prms__id, accn__id, prfl__id) VALUES (50, 116, 1);
INSERT INTO prms (prms__id, accn__id, prfl__id) VALUES (51, 115, 1);
INSERT INTO prms (prms__id, accn__id, prfl__id) VALUES (52, 119, 1);
INSERT INTO prms (prms__id, accn__id, prfl__id) VALUES (53, 123, 1);
INSERT INTO prms (prms__id, accn__id, prfl__id) VALUES (54, 122, 1);
INSERT INTO prms (prms__id, accn__id, prfl__id) VALUES (56, 135, 2);
INSERT INTO prms (prms__id, accn__id, prfl__id) VALUES (59, 3, 2);
INSERT INTO prms (prms__id, accn__id, prfl__id) VALUES (60, 4, 2);
INSERT INTO prms (prms__id, accn__id, prfl__id) VALUES (77, 165, 2);
INSERT INTO prms (prms__id, accn__id, prfl__id) VALUES (78, 166, 2);
INSERT INTO prms (prms__id, accn__id, prfl__id) VALUES (79, 169, 2);
INSERT INTO prms (prms__id, accn__id, prfl__id) VALUES (80, 171, 2);
INSERT INTO prms (prms__id, accn__id, prfl__id) VALUES (81, 14, 2);
INSERT INTO prms (prms__id, accn__id, prfl__id) VALUES (82, 18, 2);
INSERT INTO prms (prms__id, accn__id, prfl__id) VALUES (83, 25, 2);
INSERT INTO prms (prms__id, accn__id, prfl__id) VALUES (85, 179, 2);
INSERT INTO prms (prms__id, accn__id, prfl__id) VALUES (86, 189, 2);
INSERT INTO prms (prms__id, accn__id, prfl__id) VALUES (87, 202, 2);
INSERT INTO prms (prms__id, accn__id, prfl__id) VALUES (89, 118, 2);
INSERT INTO prms (prms__id, accn__id, prfl__id) VALUES (92, 119, 2);
INSERT INTO prms (prms__id, accn__id, prfl__id) VALUES (93, 123, 2);
INSERT INTO prms (prms__id, accn__id, prfl__id) VALUES (94, 122, 2);
INSERT INTO prms (prms__id, accn__id, prfl__id) VALUES (96, 33, 2);
INSERT INTO prms (prms__id, accn__id, prfl__id) VALUES (97, 207, 2);
INSERT INTO prms (prms__id, accn__id, prfl__id) VALUES (98, 174, 2);
INSERT INTO prms (prms__id, accn__id, prfl__id) VALUES (99, 183, 2);
INSERT INTO prms (prms__id, accn__id, prfl__id) VALUES (100, 190, 2);
INSERT INTO prms (prms__id, accn__id, prfl__id) VALUES (101, 43, 2);
INSERT INTO prms (prms__id, accn__id, prfl__id) VALUES (102, 135, 3);
INSERT INTO prms (prms__id, accn__id, prfl__id) VALUES (104, 3, 3);
INSERT INTO prms (prms__id, accn__id, prfl__id) VALUES (105, 4, 3);
INSERT INTO prms (prms__id, accn__id, prfl__id) VALUES (106, 165, 3);
INSERT INTO prms (prms__id, accn__id, prfl__id) VALUES (107, 166, 3);
INSERT INTO prms (prms__id, accn__id, prfl__id) VALUES (108, 169, 3);
INSERT INTO prms (prms__id, accn__id, prfl__id) VALUES (109, 171, 3);
INSERT INTO prms (prms__id, accn__id, prfl__id) VALUES (110, 14, 3);
INSERT INTO prms (prms__id, accn__id, prfl__id) VALUES (111, 18, 3);
INSERT INTO prms (prms__id, accn__id, prfl__id) VALUES (112, 25, 3);
INSERT INTO prms (prms__id, accn__id, prfl__id) VALUES (113, 179, 3);
INSERT INTO prms (prms__id, accn__id, prfl__id) VALUES (114, 189, 3);
INSERT INTO prms (prms__id, accn__id, prfl__id) VALUES (115, 202, 3);
INSERT INTO prms (prms__id, accn__id, prfl__id) VALUES (116, 118, 3);
INSERT INTO prms (prms__id, accn__id, prfl__id) VALUES (119, 119, 3);
INSERT INTO prms (prms__id, accn__id, prfl__id) VALUES (120, 123, 3);
INSERT INTO prms (prms__id, accn__id, prfl__id) VALUES (121, 122, 3);
INSERT INTO prms (prms__id, accn__id, prfl__id) VALUES (123, 33, 3);
INSERT INTO prms (prms__id, accn__id, prfl__id) VALUES (128, 43, 3);
INSERT INTO prms (prms__id, accn__id, prfl__id) VALUES (129, 211, 1);
INSERT INTO prms (prms__id, accn__id, prfl__id) VALUES (130, 97, 2);
INSERT INTO prms (prms__id, accn__id, prfl__id) VALUES (131, 97, 3);
INSERT INTO prms (prms__id, accn__id, prfl__id) VALUES (132, 201, 3);
INSERT INTO prms (prms__id, accn__id, prfl__id) VALUES (133, 196, 3);
INSERT INTO prms (prms__id, accn__id, prfl__id) VALUES (134, 135, 4);
INSERT INTO prms (prms__id, accn__id, prfl__id) VALUES (135, 3, 4);
INSERT INTO prms (prms__id, accn__id, prfl__id) VALUES (136, 4, 4);
INSERT INTO prms (prms__id, accn__id, prfl__id) VALUES (137, 165, 4);
INSERT INTO prms (prms__id, accn__id, prfl__id) VALUES (138, 166, 4);
INSERT INTO prms (prms__id, accn__id, prfl__id) VALUES (139, 169, 4);
INSERT INTO prms (prms__id, accn__id, prfl__id) VALUES (140, 171, 4);
INSERT INTO prms (prms__id, accn__id, prfl__id) VALUES (141, 14, 4);
INSERT INTO prms (prms__id, accn__id, prfl__id) VALUES (144, 179, 4);
INSERT INTO prms (prms__id, accn__id, prfl__id) VALUES (145, 189, 4);
INSERT INTO prms (prms__id, accn__id, prfl__id) VALUES (146, 202, 4);
INSERT INTO prms (prms__id, accn__id, prfl__id) VALUES (147, 118, 4);
INSERT INTO prms (prms__id, accn__id, prfl__id) VALUES (150, 119, 4);
INSERT INTO prms (prms__id, accn__id, prfl__id) VALUES (151, 123, 4);
INSERT INTO prms (prms__id, accn__id, prfl__id) VALUES (152, 122, 4);
INSERT INTO prms (prms__id, accn__id, prfl__id) VALUES (154, 33, 4);
INSERT INTO prms (prms__id, accn__id, prfl__id) VALUES (155, 43, 4);
INSERT INTO prms (prms__id, accn__id, prfl__id) VALUES (156, 97, 4);
INSERT INTO prms (prms__id, accn__id, prfl__id) VALUES (159, 173, 4);
INSERT INTO prms (prms__id, accn__id, prfl__id) VALUES (160, 194, 4);
INSERT INTO prms (prms__id, accn__id, prfl__id) VALUES (161, 135, 5);
INSERT INTO prms (prms__id, accn__id, prfl__id) VALUES (162, 3, 5);
INSERT INTO prms (prms__id, accn__id, prfl__id) VALUES (163, 4, 5);
INSERT INTO prms (prms__id, accn__id, prfl__id) VALUES (164, 165, 5);
INSERT INTO prms (prms__id, accn__id, prfl__id) VALUES (165, 166, 5);
INSERT INTO prms (prms__id, accn__id, prfl__id) VALUES (166, 169, 5);
INSERT INTO prms (prms__id, accn__id, prfl__id) VALUES (167, 171, 5);
INSERT INTO prms (prms__id, accn__id, prfl__id) VALUES (168, 14, 5);
INSERT INTO prms (prms__id, accn__id, prfl__id) VALUES (169, 18, 5);
INSERT INTO prms (prms__id, accn__id, prfl__id) VALUES (170, 25, 5);
INSERT INTO prms (prms__id, accn__id, prfl__id) VALUES (171, 179, 5);
INSERT INTO prms (prms__id, accn__id, prfl__id) VALUES (172, 189, 5);
INSERT INTO prms (prms__id, accn__id, prfl__id) VALUES (173, 202, 5);
INSERT INTO prms (prms__id, accn__id, prfl__id) VALUES (175, 116, 5);
INSERT INTO prms (prms__id, accn__id, prfl__id) VALUES (176, 115, 5);
INSERT INTO prms (prms__id, accn__id, prfl__id) VALUES (177, 119, 5);
INSERT INTO prms (prms__id, accn__id, prfl__id) VALUES (178, 123, 5);
INSERT INTO prms (prms__id, accn__id, prfl__id) VALUES (179, 122, 5);
INSERT INTO prms (prms__id, accn__id, prfl__id) VALUES (186, 211, 5);
INSERT INTO prms (prms__id, accn__id, prfl__id) VALUES (187, 136, 5);
INSERT INTO prms (prms__id, accn__id, prfl__id) VALUES (188, 192, 5);
INSERT INTO prms (prms__id, accn__id, prfl__id) VALUES (189, 199, 5);
INSERT INTO prms (prms__id, accn__id, prfl__id) VALUES (190, 48, 5);
INSERT INTO prms (prms__id, accn__id, prfl__id) VALUES (191, 30, 5);
INSERT INTO prms (prms__id, accn__id, prfl__id) VALUES (192, 135, 6);
INSERT INTO prms (prms__id, accn__id, prfl__id) VALUES (193, 3, 6);
INSERT INTO prms (prms__id, accn__id, prfl__id) VALUES (194, 4, 6);
INSERT INTO prms (prms__id, accn__id, prfl__id) VALUES (195, 165, 6);
INSERT INTO prms (prms__id, accn__id, prfl__id) VALUES (196, 166, 6);
INSERT INTO prms (prms__id, accn__id, prfl__id) VALUES (197, 169, 6);
INSERT INTO prms (prms__id, accn__id, prfl__id) VALUES (198, 171, 6);
INSERT INTO prms (prms__id, accn__id, prfl__id) VALUES (199, 14, 6);
INSERT INTO prms (prms__id, accn__id, prfl__id) VALUES (200, 18, 6);
INSERT INTO prms (prms__id, accn__id, prfl__id) VALUES (201, 25, 6);
INSERT INTO prms (prms__id, accn__id, prfl__id) VALUES (202, 179, 6);
INSERT INTO prms (prms__id, accn__id, prfl__id) VALUES (203, 189, 6);
INSERT INTO prms (prms__id, accn__id, prfl__id) VALUES (204, 202, 6);
INSERT INTO prms (prms__id, accn__id, prfl__id) VALUES (205, 118, 6);
INSERT INTO prms (prms__id, accn__id, prfl__id) VALUES (208, 119, 6);
INSERT INTO prms (prms__id, accn__id, prfl__id) VALUES (209, 123, 6);
INSERT INTO prms (prms__id, accn__id, prfl__id) VALUES (210, 122, 6);
INSERT INTO prms (prms__id, accn__id, prfl__id) VALUES (211, 20, 6);
INSERT INTO prms (prms__id, accn__id, prfl__id) VALUES (214, 97, 6);
INSERT INTO prms (prms__id, accn__id, prfl__id) VALUES (217, 30, 6);
INSERT INTO prms (prms__id, accn__id, prfl__id) VALUES (218, 185, 6);
INSERT INTO prms (prms__id, accn__id, prfl__id) VALUES (219, 48, 6);
INSERT INTO prms (prms__id, accn__id, prfl__id) VALUES (220, 18, 4);
INSERT INTO prms (prms__id, accn__id, prfl__id) VALUES (221, 25, 4);
INSERT INTO prms (prms__id, accn__id, prfl__id) VALUES (223, 135, 7);
INSERT INTO prms (prms__id, accn__id, prfl__id) VALUES (224, 3, 7);
INSERT INTO prms (prms__id, accn__id, prfl__id) VALUES (225, 4, 7);
INSERT INTO prms (prms__id, accn__id, prfl__id) VALUES (226, 165, 7);
INSERT INTO prms (prms__id, accn__id, prfl__id) VALUES (227, 166, 7);
INSERT INTO prms (prms__id, accn__id, prfl__id) VALUES (228, 169, 7);
INSERT INTO prms (prms__id, accn__id, prfl__id) VALUES (229, 171, 7);
INSERT INTO prms (prms__id, accn__id, prfl__id) VALUES (233, 179, 7);
INSERT INTO prms (prms__id, accn__id, prfl__id) VALUES (234, 189, 7);
INSERT INTO prms (prms__id, accn__id, prfl__id) VALUES (235, 202, 7);
INSERT INTO prms (prms__id, accn__id, prfl__id) VALUES (236, 118, 7);
INSERT INTO prms (prms__id, accn__id, prfl__id) VALUES (239, 119, 7);
INSERT INTO prms (prms__id, accn__id, prfl__id) VALUES (240, 123, 7);
INSERT INTO prms (prms__id, accn__id, prfl__id) VALUES (241, 122, 7);
INSERT INTO prms (prms__id, accn__id, prfl__id) VALUES (243, 97, 7);
INSERT INTO prms (prms__id, accn__id, prfl__id) VALUES (247, 33, 7);
INSERT INTO prms (prms__id, accn__id, prfl__id) VALUES (248, 43, 7);
INSERT INTO prms (prms__id, accn__id, prfl__id) VALUES (249, 212, 1);
INSERT INTO prms (prms__id, accn__id, prfl__id) VALUES (250, 212, 5);
INSERT INTO prms (prms__id, accn__id, prfl__id) VALUES (251, 217, 1);
INSERT INTO prms (prms__id, accn__id, prfl__id) VALUES (252, 217, 5);
